dataset,method,seed,epoch,lr,train_loss,train_ce,train_kd,train_accuracy,val_primary,val_overall,train_seconds,epoch_seconds
waterbirds,teacher,0,1,1e-05,0.4166560951686378,0.4166560951686378,0.0,0.8546402502606882,0.09774436090225563,0.6555462885738115,39.243510556872934,48.18696819106117
waterbirds,teacher,0,2,2e-05,0.28250865733039265,0.28250865733039265,0.0,0.9530761209593326,0.39849624060150374,0.8490408673894912,38.708016017917544,47.67257826868445
waterbirds,teacher,0,3,3.0000000000000004e-05,0.2487272303345554,0.2487272303345554,0.0,0.97288842544317,0.5714285714285714,0.8373644703919934,38.92954449588433,47.78239180520177
waterbirds,teacher,0,4,4e-05,0.23240557831631461,0.23240557831631461,0.0,0.9847758081334723,0.49624060150375937,0.896580483736447,38.258936252910644,46.92085514916107
waterbirds,teacher,0,5,5e-05,0.21967689690177208,0.21967689690177208,0.0,0.9916579770594369,0.5488721804511278,0.8890742285237698,38.01413726294413,46.67322916537523
waterbirds,teacher,0,6,5e-05,0.2095651225483082,0.2095651225483082,0.0,0.997080291970803,0.6917293233082706,0.8932443703085905,38.126142696943134,47.02653748681769
waterbirds,teacher,0,7,4.979039910365836e-05,0.2093077981931947,0.2093077981931947,0.0,0.9954118873826903,0.5864661654135338,0.9049207673060884,38.52559425262734,47.39037524489686
waterbirds,teacher,0,8,4.9165182744082176e-05,0.2066019778766274,0.2066019778766274,0.0,0.9966631908237747,0.6541353383458647,0.8990825688073395,38.357336927205324,46.9729846091941
waterbirds,teacher,0,9,4.8135048546526525e-05,0.2037580936898529,0.2037580936898529,0.0,0.9979144942648592,0.7296137339055794,0.8698915763135947,38.792727374937385,47.66934011504054
waterbirds,teacher,0,10,4.671762239271875e-05,0.20374334537199815,0.20374334537199815,0.0,0.9981230448383733,0.6766917293233082,0.9107589658048374,37.72530258819461,46.30601038085297
waterbirds,teacher,0,11,4.4937156837135266e-05,0.20287159292864476,0.20287159292864476,0.0,0.9981230448383733,0.7744360902255639,0.8890742285237698,38.639251064974815,47.45343810599297
waterbirds,teacher,0,12,4.2824116139070415e-05,0.20187030924684188,0.20187030924684188,0.0,0.9989572471324296,0.6992481203007519,0.8949124270225187,38.1818408430554,46.90234621614218
waterbirds,teacher,0,13,4.041465501071366e-05,0.20181968057988459,0.20181968057988459,0.0,0.9989572471324296,0.7819548872180451,0.9074228523769808,38.31498321890831,47.509306845255196
waterbirds,teacher,0,14,3.775e-05,0.2004318495798658,0.2004318495798658,0.0,0.9995828988529718,0.7518796992481203,0.8940783986655546,37.35611933609471,46.131567012984306
waterbirds,teacher,0,15,3.4875744092944704e-05,0.20157164502442193,0.20157164502442193,0.0,0.9985401459854014,0.6090225563909775,0.908256880733945,38.86164603289217,47.666452914942056
waterbirds,teacher,0,16,3.184106660501176e-05,0.20225075354976377,0.20225075354976377,0.0,0.9983315954118874,0.7703862660944206,0.8857381150959133,39.19386481400579,47.86826365394518
waterbirds,teacher,0,17,2.8697891709391273e-05,0.20006962283373625,0.20006962283373625,0.0,0.9997914494264859,0.7218045112781954,0.8840700583819849,39.06944130780175,48.19536602124572
waterbirds,teacher,0,18,2.5500000000000003e-05,0.19976767944531346,0.19976767944531346,0.0,0.9995828988529718,0.6466165413533834,0.9099249374478732,38.814245510846376,47.45086480118334
waterbirds,teacher,0,19,2.2302108290608744e-05,0.19984248160259319,0.19984248160259319,0.0,0.9997914494264859,0.7142857142857143,0.8874061718098415,38.613402022980154,47.285152218304574
waterbirds,teacher,0,20,1.9158933394988242e-05,0.20044436582807953,0.20044436582807953,0.0,0.9991657977059437,0.7142857142857143,0.8949124270225187,39.63877558102831,48.88772342260927
waterbirds,teacher,0,21,1.6124255907055302e-05,0.19922979699061238,0.19922979699061238,0.0,1.0,0.7218045112781954,0.8982485404503753,39.44458160502836,48.19581695180386
waterbirds,teacher,0,22,1.3250000000000007e-05,0.19928726488345608,0.19928726488345608,0.0,1.0,0.7142857142857143,0.9057547956630525,38.90346605097875,47.56879702722654
waterbirds,teacher,0,23,1.0585344989286346e-05,0.19974939858577795,0.19974939858577795,0.0,0.9993743482794578,0.7518796992481203,0.9057547956630525,38.572605825029314,47.30897897435352
waterbirds,teacher,0,24,8.175883860929588e-06,0.20009781730373907,0.20009781730373907,0.0,0.9993743482794578,0.7443609022556391,0.9165971643035863,38.32279689004645,47.153951241169125
waterbirds,teacher,0,25,6.062843162864741e-06,0.19945221757118098,0.19945221757118098,0.0,0.9995828988529718,0.7443609022556391,0.9090909090909091,37.86898862803355,46.61712795030326
waterbirds,teacher,0,26,4.282377607281252e-06,0.19917654396346512,0.19917654396346512,0.0,1.0,0.7443609022556391,0.9099249374478732,36.48524819500744,45.17666240921244
waterbirds,teacher,0,27,2.864951453473475e-06,0.19964500342158753,0.19964500342158753,0.0,0.9997914494264859,0.7443609022556391,0.9090909090909091,37.57581087201834,46.4482927643694
waterbirds,teacher,0,28,1.834817255917829e-06,0.19917617817491884,0.19917617817491884,0.0,1.0,0.7593984962406015,0.9099249374478732,38.79967587022111,47.47450441587716
waterbirds,teacher,0,29,1.2096008963416456e-06,0.19944227508136203,0.19944227508136203,0.0,0.9997914494264859,0.7593984962406015,0.9099249374478732,37.29933970980346,46.01194008393213
waterbirds,teacher,0,30,1e-06,0.1996606942914947,0.1996606942914947,0.0,0.9995828988529718,0.7593984962406015,0.9099249374478732,39.07558640791103,47.78505048900843
waterbirds,maskedkd,0,1,1e-05,0.37057315680480973,0.4671992394486607,0.27394707366373544,0.8148070907194995,0.11278195488721804,0.6321934945788157,41.051040647085756,49.89267039485276
waterbirds,maskedkd,0,2,2e-05,0.2139427080113398,0.31048408324079546,0.11740133425490824,0.9368091762252346,0.2857142857142857,0.7839866555462885,43.39548957301304,52.923969043884426
waterbirds,maskedkd,0,3,3.0000000000000004e-05,0.17663031855172734,0.2740980800765647,0.07916255732444702,0.9578727841501564,0.46616541353383456,0.8115095913261051,40.84654786111787,49.48253033403307
waterbirds,maskedkd,0,4,4e-05,0.1576317411285123,0.2551351164690024,0.060128366954166276,0.9691345151199166,0.39849624060150374,0.8557130942452044,40.49605426983908,49.11347787361592
waterbirds,maskedkd,0,5,5e-05,0.14636257572082087,0.24382714250040502,0.0488980088798607,0.9739311783107404,0.38345864661654133,0.8715596330275229,40.43126936396584,49.03205144871026
waterbirds,maskedkd,0,6,5e-05,0.1337160907693526,0.23131806172345054,0.03611412061391956,0.983524504692388,0.5714285714285714,0.8715596330275229,40.23052888037637,49.01319436309859
waterbirds,maskedkd,0,7,4.9986318311391235e-05,0.12699079043984537,0.2242376732378732,0.029743908528273497,0.9866527632950991,0.6090225563909775,0.8715596330275229,40.80652398010716,49.55338576203212
waterbirds,maskedkd,0,8,4.994528852626726e-05,0.12251438687752633,0.21967667150733616,0.02535210218323284,0.9899895724713242,0.5714285714285714,0.8632193494578816,40.734930402133614,49.28923322074115
waterbirds,maskedkd,0,9,4.987695646966835e-05,0.11820889606030816,0.21574767230698164,0.020670119745654907,0.9904066736183524,0.6015037593984962,0.8949124270225187,40.357260247226804,49.19010969623923
waterbirds,maskedkd,0,10,4.9781398459792115e-05,0.11634736527243049,0.21334866134914043,0.019346068847469977,0.9935349322210636,0.631578947368421,0.8874061718098415,39.74637395096943,59.72555999318138
waterbirds,maskedkd,0,11,4.96587212227557e-05,0.11587263398392979,0.21171794479345754,0.02002732261599695,0.994577685088634,0.6917293233082706,0.8657214345287739,40.0784601168707,48.711808254010975
waterbirds,maskedkd,0,12,4.950906177339638e-05,0.11226800276166579,0.20914612552296755,0.015389879807350114,0.994577685088634,0.6466165413533834,0.8882402001668057,40.80594666907564,49.4139411742799
waterbirds,maskedkd,0,13,4.9332587262243413e-05,0.11351165528466481,0.2103157753305465,0.01670753498405327,0.9939520333680918,0.5413533834586466,0.8582151793160967,40.488091527018696,49.09834034787491
waterbirds,maskedkd,0,14,4.912949478883223e-05,0.11313576911487719,0.20843753373411575,0.017834003896639916,0.9949947862356622,0.7218045112781954,0.8748957464553795,40.35339456377551,49.204968992155045
waterbirds,maskedkd,0,15,4.890001118156936e-05,0.11067784756297737,0.20675349588563222,0.01460219891307287,0.9960375391032326,0.6616541353383458,0.8890742285237698,39.87253029597923,48.81171092810109
waterbirds,maskedkd,0,16,4.864439274439401e-05,0.11260978911883888,0.2078235291744795,0.017396048896550758,0.9960375391032326,0.6616541353383458,0.8924103419516264,40.55101684993133,49.25549560878426
waterbirds,maskedkd,0,17,4.836292497051926e-05,0.11081848643153004,0.20563338739220616,0.01600358491312864,0.997080291970803,0.49624060150375937,0.8707256046705588,40.365092317108065,49.0653513292782
waterbirds,maskedkd,0,18,4.8055922223572505e-05,0.10974520610041365,0.20533212228164435,0.014158289558453266,0.9968717413972888,0.5939849624060151,0.8807339449541285,40.07396127190441,48.88738935487345
waterbirds,maskedkd,0,19,4.7723727386491355e-05,0.10852394955964978,0.20379477191766932,0.013253127229064935,0.9977059436913451,0.5714285714285714,0.8840700583819849,40.246923124883324,48.89278830494732
waterbirds,maskedkd,0,20,4.7366711478567095e-05,0.10880521378160393,0.20451339976755248,0.013097026821699798,0.9968717413972888,0.6842105263157895,0.9032527105921602,40.929716429207474,49.609294661320746
waterbirds,maskedkd,0,21,4.6985273241063454e-05,0.10637110963199634,0.20286278758232984,0.009879431496078112,0.9983315954118874,0.6165413533834586,0.8632193494578816,40.34508984256536,49.013543324079365
waterbirds,maskedkd,0,22,4.657983869187342e-05,0.1076906751355737,0.20317598300382914,0.012205366836083864,0.9983315954118874,0.6691729323308271,0.8523769808173478,40.69492447702214,49.321243142243475
waterbirds,maskedkd,0,23,4.615086064971153e-05,0.10890807040478565,0.20353170001220902,0.014284440934729916,0.9977059436913451,0.6240601503759399,0.8865721434528774,38.943533757235855,47.651174798142165
waterbirds,maskedkd,0,24,4.5698818228373126e-05,0.10896916622849526,0.20492797927140444,0.013010353836516449,0.997288842544317,0.5714285714285714,0.8790658882402002,39.864316118415445,48.41452914196998
waterbirds,maskedkd,0,25,4.522421630162529e-05,0.10821319196035267,0.20364401769961257,0.012782366070371972,0.997497393117831,0.6616541353383458,0.8890742285237698,40.30231154803187,60.0681982669048
waterbirds,maskedkd,0,26,4.4727584939327193e-05,0.10648136650900647,0.2020750024364688,0.010887730304138178,0.9985401459854014,0.518796992481203,0.8648874061718098,39.8361298320815,48.595693175680935
waterbirds,maskedkd,0,27,4.420947881540964e-05,0.10880343829814784,0.2036742488056328,0.013932627080323036,0.9979144942648592,0.7339055793991416,0.8682235195996664,40.436848279088736,49.14819602109492
waterbirds,maskedkd,0,28,4.3670476588374966e-05,0.10669073983793835,0.20110641452517822,0.012275065173034685,0.9991657977059437,0.556390977443609,0.8807339449541285,40.33684591157362,49.05587371485308
waterbirds,maskedkd,0,29,4.311118025500927e-05,0.10683586726254542,0.2035379003061368,0.010133834753080627,0.997288842544317,0.5338345864661654,0.902418682235196,40.42599651310593,49.21351847983897
waterbirds,maskedkd,0,30,4.253221447802874e-05,0.10869573947193724,0.2029008732846432,0.014490604793921898,0.9977059436913451,0.7167381974248928,0.854045037531276,40.58737551001832,49.15094458591193
waterbirds,maskedkd,0,31,4.193422588841098e-05,0.10760331435577712,0.2023370039972697,0.012869625320081231,0.9985401459854014,0.5488721804511278,0.9124270225187656,39.68555152695626,48.30330170597881
waterbirds,maskedkd,0,32,4.1317882363190655e-05,0.1075347014727135,0.20297147041814045,0.012097931970350301,0.9983315954118874,0.631578947368421,0.8798999165971643,39.894043921958655,48.49776049377397
waterbirds,maskedkd,0,33,4.0683872279526e-05,0.10834739173260421,0.20237343091910026,0.01432135311959018,0.9985401459854014,0.6842105263157895,0.8757297748123436,40.688296707347035,49.25163192395121
waterbirds,maskedkd,0,34,4.00329037458692e-05,0.10650777055554643,0.20186207692864291,0.011153464239067374,0.9989572471324296,0.706766917293233,0.8924103419516264,40.80868248036131,49.57206765608862
waterbirds,maskedkd,0,35,3.936570381109958e-05,0.10525163661793449,0.20164185446357827,0.008861418936219032,0.9991657977059437,0.5639097744360902,0.8924103419516264,40.037477660924196,48.4647537721321
waterbirds,maskedkd,0,36,3.868301765250263e-05,0.10564015463880254,0.20057859245194384,0.010701717024040724,0.9993743482794578,0.5939849624060151,0.8857381150959133,41.01440053386614,49.717358564026654
waterbirds,maskedkd,0,37,3.798560774350198e-05,0.10601649359412436,0.2006646653161432,0.011368321894538881,0.9991657977059437,0.6240601503759399,0.8615512927439533,39.59330155700445,48.193209673743695
waterbirds,maskedkd,0,38,3.7274253002073755e-05,0.10626699049355962,0.20127777886713882,0.01125620187020339,0.9985401459854014,0.5338345864661654,0.8924103419516264,40.503556173760444,49.26337870396674
waterbirds,maskedkd,0,39,3.6549747920794496e-05,0.10632269900832111,0.20088754112951698,0.011757856923640085,0.9993743482794578,0.518796992481203,0.8623853211009175,41.43865626165643,50.179249877110124
waterbirds,maskedkd,0,40,3.581290167949421e-05,0.10668497198689593,0.20261312329421077,0.010756820894591316,0.9979144942648592,0.6466165413533834,0.8682235195996664,38.980088527780026,47.534407602157444
waterbirds,maskedkd,0,41,3.5064537241505625e-05,0.10818718314108684,0.20346982360383392,0.012904542625461228,0.997497393117831,0.5789473684210527,0.8682235195996664,40.450568369124085,49.022107147146016
waterbirds,maskedkd,0,42,3.4305490434519064e-05,0.10656355064405018,0.2022051763919894,0.010921925036792622,0.9985401459854014,0.5639097744360902,0.8523769808173478,42.01078527700156,50.83467976702377
waterbirds,maskedkd,0,43,3.353660901706944e-05,0.10622687756673387,0.20121832907324166,0.011235426370310865,0.9991657977059437,0.631578947368421,0.8698915763135947,39.359915282111615,48.06976389000192
waterbirds,maskedkd,0,44,3.2758751731698036e-05,0.10503588984637863,0.2007679316187054,0.009303847549976518,0.9989572471324296,0.518796992481203,0.890742285237698,39.13641069084406,47.92943802429363
waterbirds,maskedkd,0,45,3.197278734584651e-05,0.1060154260525614,0.20094640783895665,0.011084444594411208,0.9991657977059437,0.6015037593984962,0.859883236030025,40.48602830898017,49.281145967077464
waterbirds,maskedkd,0,46,3.1179593681554446e-05,0.1058012275753603,0.2008037644705509,0.010798690922481102,0.9987486965589155,0.6015037593984962,0.8815679733110926,40.656574186868966,49.470648798625916
waterbirds,maskedkd,0,47,3.0380056635043986e-05,0.10602086061170875,0.20081002378488605,0.011231696863374182,0.9993743482794578,0.7142857142857143,0.8857381150959133,39.954699287656695,48.46052079508081
waterbirds,maskedkd,0,48,2.9575069187286692e-05,0.10499133872289727,0.20149668966642387,0.008485986890535455,0.9987486965589155,0.5939849624060151,0.878231859883236,40.52762522595003,49.1976407347247
waterbirds,maskedkd,0,49,2.876553040665759e-05,0.10485241859685145,0.20038084904269954,0.00932398807098147,0.9993743482794578,0.5338345864661654,0.872393661384487,40.71965159941465,49.314335368108004
waterbirds,maskedkd,0,50,2.7952344444790415e-05,0.10569222244250513,0.20071881095236857,0.010665633841840175,0.9993743482794578,0.43609022556390975,0.859883236030025,40.858585914596915,60.93511189613491
waterbirds,maskedkd,0,51,2.7136419526755484e-05,0.10529474639358063,0.20073056200497838,0.009858930927076851,0.9991657977059437,0.6466165413533834,0.8940783986655546,40.73696220200509,49.29335576063022
waterbirds,maskedkd,0,52,2.631866693668803e-05,0.10462036443266307,0.20087326622419488,0.008367463007784907,0.9993743482794578,0.5939849624060151,0.8682235195996664,40.47141948295757,49.14777596201748
waterbirds,maskedkd,0,53,2.5500000000000003e-05,0.10593736178248468,0.20081559807155377,0.011059125809958428,0.9991657977059437,0.6616541353383458,0.8607172643869891,40.18734923796728,48.9130872101523
waterbirds,maskedkd,0,54,2.4681333063311983e-05,0.10482755222739468,0.20022589262260262,0.00942921147529304,0.9993743482794578,0.5789473684210527,0.8748957464553795,40.99727131193504,49.59128145780414
waterbirds,maskedkd,0,55,2.3863580473244526e-05,0.10462128933794929,0.1997997744302183,0.009442804560717876,0.9997914494264859,0.6240601503759399,0.8765638031693077,39.84824681095779,48.581380277872086
waterbirds,maskedkd,0,56,2.3047655555209592e-05,0.10547267867483362,0.20069077124933754,0.010254587178294304,0.9987486965589155,0.48872180451127817,0.8673894912427023,40.57424470409751,49.17838867986575
waterbirds,maskedkd,0,57,2.223446959334243e-05,0.10566132952914621,0.20029938201399616,0.01102327722672478,0.9993743482794578,0.5338345864661654,0.8707256046705588,38.684938909020275,47.235408479347825
waterbirds,maskedkd,0,58,2.1424930812713318e-05,0.10525663301457454,0.20002883968562105,0.010484426314017529,0.9997914494264859,0.5037593984962406,0.8632193494578816,40.608866788912565,49.238038384821266
waterbirds,maskedkd,0,59,2.0619943364956024e-05,0.10442259669210664,0.2000585792646418,0.008786613752189499,0.9989572471324296,0.6165413533834586,0.8698915763135947,41.08581673214212,49.85312184598297
waterbirds,maskedkd,0,60,1.9820406318445557e-05,0.105714410830899,0.19962762424545566,0.011801197370893019,0.9997914494264859,0.6691729323308271,0.8824020016680567,39.75601919088513,48.23303900612518
waterbirds,maskedkd,0,61,1.9027212654153495e-05,0.10568601858876918,0.2008757949061886,0.01049624192698376,0.9993743482794578,0.5714285714285714,0.8807339449541285,40.47306530177593,49.328744555357844
waterbirds,maskedkd,0,62,1.824124826830197e-05,0.10416401927053494,0.20007685833417338,0.008251180612407838,0.9995828988529718,0.6390977443609023,0.8882402001668057,40.70408867392689,49.26427626982331
waterbirds,maskedkd,0,63,1.746339098293056e-05,0.10461608707998045,0.20095289631419436,0.00827927758018423,0.9991657977059437,0.6466165413533834,0.8882402001668057,39.60710201598704,48.16613565804437
waterbirds,maskedkd,0,64,1.6694509565480943e-05,0.10535311959800432,0.2006619194563288,0.010044320396825523,0.9991657977059437,0.6466165413533834,0.8757297748123436,37.49991483287886,46.199621280189604
waterbirds,maskedkd,0,65,1.593546275849438e-05,0.10517515400589693,0.199543874169291,0.010806433137261519,0.9997914494264859,0.49624060150375937,0.8690575479566305,37.34545569960028,45.90565506089479
waterbirds,maskedkd,0,66,1.5187098320505799e-05,0.10423276065008732,0.19959615097925984,0.008869370398120382,1.0,0.5789473684210527,0.859883236030025,40.89512658305466,49.60415368061513
waterbirds,maskedkd,0,67,1.4450252079205502e-05,0.10544050327182686,0.2002583840809475,0.010622622513254023,0.9995828988529718,0.6090225563909775,0.8648874061718098,40.74084796011448,49.4815909890458
waterbirds,maskedkd,0,68,1.372574699792625e-05,0.10511916044544005,0.2002439138041547,0.00999440692061203,0.9995828988529718,0.6090225563909775,0.8890742285237698,40.439042061101645,49.481730008963495
waterbirds,maskedkd,0,69,1.3014392256498022e-05,0.1048889135745693,0.20021987686067727,0.009557950147755378,0.9995828988529718,0.5112781954887218,0.8790658882402002,41.53650117199868,50.074435455258936
waterbirds,maskedkd,0,70,1.2316982347497372e-05,0.10477090792126402,0.19966561674636646,0.00987619916142214,0.9997914494264859,0.6165413533834586,0.8832360300250208,40.635302945040166,49.377178004942834
waterbirds,maskedkd,0,71,1.1634296188900416e-05,0.10470179759424347,0.20025229058747993,0.009151304342089137,0.9995828988529718,0.556390977443609,0.8857381150959133,40.41647830000147,49.04632047191262
waterbirds,maskedkd,0,72,1.0967096254130799e-05,0.10503040000687551,0.2000461501983209,0.010014649688502205,0.9993743482794578,0.5338345864661654,0.8798999165971643,39.601901296991855,48.22688477486372
waterbirds,maskedkd,0,73,1.0316127720474006e-05,0.10400459424546911,0.19947564174286142,0.00853354692013839,1.0,0.5413533834586466,0.8807339449541285,40.651725167408586,49.30489381495863
waterbirds,maskedkd,0,74,9.682117636809343e-06,0.10481848561198172,0.20035251171422327,0.00928445933476514,0.9991657977059437,0.5864661654135338,0.8673894912427023,40.63574330601841,49.47144693089649
waterbirds,maskedkd,0,75,9.065774111589031e-06,0.1057790263368514,0.20025280419430222,0.011305249363100943,0.9995828988529718,0.6015037593984962,0.8815679733110926,39.69142241310328,59.673284504096955
waterbirds,maskedkd,0,76,8.467785521971265e-06,0.10567474395844685,0.1998571707539812,0.01149231730231955,0.9995828988529718,0.6165413533834586,0.890742285237698,40.405061174184084,49.158957190811634
waterbirds,maskedkd,0,77,7.888819744990736e-06,0.10519758162707307,0.20049622385481972,0.009898939625553329,0.9993743482794578,0.6691729323308271,0.8807339449541285,40.60073852818459,49.25748036103323
waterbirds,maskedkd,0,78,7.329523411625039e-06,0.1057658197500037,0.2002018533887903,0.011329785908862019,0.9993743482794578,0.6240601503759399,0.890742285237698,40.72729374235496,49.37161442125216
waterbirds,maskedkd,0,79,6.790521184590367e-06,0.10437694064363821,0.19969709523029944,0.009056785914073849,1.0,0.631578947368421,0.8890742285237698,40.47142643108964,49.23617366980761
waterbirds,maskedkd,0,80,6.272415060672806e-06,0.10433740060353056,0.19947705178427372,0.009197749068612879,1.0,0.6541353383458647,0.8915763135946623,40.56001184415072,49.16983870090917
waterbirds,maskedkd,0,81,5.77578369837471e-06,0.1044535853193997,0.2004604882753927,0.008446682298097592,0.9993743482794578,0.6390977443609023,0.8874061718098415,40.28720525512472,49.062632215209305
waterbirds,maskedkd,0,82,5.301181771626878e-06,0.10397956085714732,0.19977492227668683,0.008184199039143296,0.9997914494264859,0.5714285714285714,0.8890742285237698,39.75614151079208,48.795785546302795
waterbirds,maskedkd,0,83,4.849139350288474e-06,0.10468134796159484,0.1996449040017859,0.009717792409304161,1.0,0.6390977443609023,0.8874061718098415,41.55068440688774,50.4674739302136
waterbirds,maskedkd,0,84,4.420161308126591e-06,0.10465028442450186,0.19999622756982371,0.009304342094160097,0.9997914494264859,0.6541353383458647,0.8849040867389492,40.52466383995488,49.1834242050536
waterbirds,maskedkd,0,85,4.014726758936549e-06,0.10494124565401713,0.19966099550005542,0.010221496062496253,1.0,0.6541353383458647,0.8807339449541285,39.731560410931706,48.3911914578639
waterbirds,maskedkd,0,86,3.6332885214329124e-06,0.10469195710357213,0.20001536467276723,0.009368549596796996,0.9993743482794578,0.6541353383458647,0.8832360300250208,40.358588902745396,49.014516428112984
waterbirds,maskedkd,0,87,3.2762726135086534e-06,0.10425273667597547,0.20005932770382004,0.00844614598959562,0.9997914494264859,0.6240601503759399,0.8832360300250208,40.453637306112796,49.21749402489513
waterbirds,maskedkd,0,88,2.9440777764274926e-06,0.10422362401164734,0.1999507065205927,0.008496541378129083,0.9997914494264859,0.5714285714285714,0.8824020016680567,40.27356474427506,49.40989153087139
waterbirds,maskedkd,0,89,2.6370750294807374e-06,0.10490811303397786,0.1996191828230996,0.010197043350783135,0.9997914494264859,0.6015037593984962,0.8815679733110926,38.74771272437647,47.50340756913647
waterbirds,maskedkd,0,90,2.3556072556059925e-06,0.1048030545008568,0.19960192072130467,0.010004188621011724,1.0,0.6015037593984962,0.8773978315262719,40.080351368989795,48.95084272697568
waterbirds,maskedkd,0,91,2.0999888184306456e-06,0.10334207650984913,0.19979171752308159,0.006892434963619004,0.9997914494264859,0.6015037593984962,0.8790658882402002,41.46406032331288,50.21867058193311
waterbirds,maskedkd,0,92,1.8705052111677768e-06,0.1035488941622228,0.19981705405291975,0.007280733033129023,0.9997914494264859,0.6165413533834586,0.8773978315262719,40.48510669078678,48.986467224080116
waterbirds,maskedkd,0,93,1.6674127377565921e-06,0.10452918723241132,0.20002292033218866,0.009035454195782317,0.9997914494264859,0.6090225563909775,0.8773978315262719,40.38428143411875,49.20831805281341
waterbirds,maskedkd,0,94,1.4909382266036246e-06,0.10512343596616552,0.1995913949046319,0.010655477238509209,1.0,0.631578947368421,0.8765638031693077,40.92247474892065,49.80903227394447
waterbirds,maskedkd,0,95,1.3412787772443001e-06,0.10425171150250032,0.2005871020746927,0.00791632088285563,0.9995828988529718,0.6240601503759399,0.8765638031693077,40.70194926811382,49.473280772101134
waterbirds,maskedkd,0,96,1.2186015402078894e-06,0.10526189588717301,0.19971888151109157,0.010804910043570601,0.9997914494264859,0.6240601503759399,0.878231859883236,39.21787166688591,47.835386677179486
waterbirds,maskedkd,0,97,1.1230435303316486e-06,0.10385480378293145,0.19977128503531436,0.007938322699138346,0.9995828988529718,0.6240601503759399,0.8790658882402002,39.43857628200203,48.070490695070475
waterbirds,maskedkd,0,98,1.0547114737327475e-06,0.10430573272102195,0.1995495254789577,0.009061939831011239,1.0,0.6240601503759399,0.8807339449541285,40.75092980777845,49.42288298718631
waterbirds,maskedkd,0,99,1.013681688608762e-06,0.10356027067670981,0.19946190123140378,0.007658640010286282,1.0,0.6240601503759399,0.8815679733110926,40.576444996055216,49.18731365399435
waterbirds,maskedkd,0,100,1e-06,0.10406001031367697,0.20019429189010257,0.007925728075492766,0.9995828988529718,0.6165413533834586,0.8807339449541285,39.859849620144814,59.9038241552189
waterbirds,maskedkd,1,1,1e-05,0.3746068689447747,0.47142362431763857,0.2777901134538203,0.8083420229405631,0.17293233082706766,0.6755629691409508,43.793124057818204,53.200447347946465
waterbirds,maskedkd,1,2,2e-05,0.20076634371119073,0.2993899649387853,0.10214272408247989,0.9420229405630866,0.44360902255639095,0.8348623853211009,41.20743902400136,50.11436934303492
waterbirds,maskedkd,1,3,3.0000000000000004e-05,0.16815265834145054,0.26702834549238585,0.0692769711679848,0.9632950990615224,0.5714285714285714,0.8482068390325271,40.77719839802012,49.41707137180492
waterbirds,maskedkd,1,4,4e-05,0.15280858206798684,0.2513086352780912,0.05430852995565835,0.9726798748696559,0.631578947368421,0.8757297748123436,40.360775297973305,49.112751139793545
waterbirds,maskedkd,1,5,5e-05,0.142007104159023,0.2390242079251501,0.04499000077591325,0.9774765380604796,0.48120300751879697,0.8757297748123436,40.97618200490251,49.50758587801829
waterbirds,maskedkd,1,6,5e-05,0.13396136852697982,0.2319949237907517,0.03592781387696798,0.9820646506777894,0.5263157894736842,0.8940783986655546,41.026551347225904,49.77751049026847
waterbirds,maskedkd,1,7,4.9986318311391235e-05,0.12260978637074778,0.21958810191084868,0.025631472553739303,0.9897810218978103,0.5488721804511278,0.8748957464553795,40.46742824977264,49.10483951214701
waterbirds,maskedkd,1,8,4.994528852626726e-05,0.11817470481764909,0.21439209235472773,0.021957316871915048,0.9922836287799791,0.6541353383458647,0.8790658882402002,40.65094141708687,49.53553762566298
waterbirds,maskedkd,1,9,4.987695646966835e-05,0.11637779546045039,0.21388370743384574,0.01887188354376956,0.9933263816475495,0.5939849624060151,0.8940783986655546,40.89257633406669,49.64030314190313
waterbirds,maskedkd,1,10,4.9781398459792115e-05,0.11604399582112793,0.21211455792530484,0.01997343336073711,0.9939520333680918,0.6165413533834586,0.9015846538782318,40.488623538054526,61.21159602096304
waterbirds,maskedkd,1,11,4.96587212227557e-05,0.11585675918179583,0.2114426782345001,0.020270840186000304,0.9935349322210636,0.7293233082706767,0.859883236030025,41.13853230001405,49.811587501782924
waterbirds,maskedkd,1,12,4.950906177339638e-05,0.11369288711496886,0.2101859229262355,0.017199851714664094,0.9943691345151199,0.7218045112781954,0.8548790658882403,40.75921558216214,49.51650141272694
waterbirds,maskedkd,1,13,4.9332587262243413e-05,0.10984496156043132,0.20716757290803353,0.012522350731223231,0.9954118873826903,0.6466165413533834,0.8882402001668057,39.54768679663539,48.123024242930114
waterbirds,maskedkd,1,14,4.912949478883223e-05,0.11034120129842828,0.20662963663823164,0.014052765732652938,0.9968717413972888,0.5413533834586466,0.8673894912427023,40.32504408573732,49.211599403992295
waterbirds,maskedkd,1,15,4.890001118156936e-05,0.11170689772204637,0.207680504706157,0.015733290683163467,0.9952033368091763,0.5864661654135338,0.890742285237698,40.99360276013613,49.68097490770742
waterbirds,maskedkd,1,16,4.864439274439401e-05,0.10905981789944194,0.20608061995198007,0.012039016132418754,0.997497393117831,0.49624060150375937,0.8940783986655546,40.800284223631024,49.70269278297201
waterbirds,maskedkd,1,17,4.836292497051926e-05,0.10942981472011652,0.20531908230811388,0.013540547267495965,0.9962460896767467,0.6466165413533834,0.8773978315262719,41.50748093612492,50.24179919715971
waterbirds,maskedkd,1,18,4.8055922223572505e-05,0.10797992863141707,0.20469101436195333,0.011268842867182275,0.997288842544317,0.6466165413533834,0.8874061718098415,40.80607694899663,49.36652697203681
waterbirds,maskedkd,1,19,4.7723727386491355e-05,0.10932939537374518,0.20612110115191487,0.012537689579648818,0.9964546402502606,0.5037593984962406,0.8874061718098415,39.71464592218399,48.387825617566705
waterbirds,maskedkd,1,20,4.7366711478567095e-05,0.10745069479824232,0.20322397658921879,0.011677412607374954,0.9977059436913451,0.5714285714285714,0.8899082568807339,40.761680126190186,49.44379668822512
waterbirds,maskedkd,1,21,4.6985273241063454e-05,0.10850377420470414,0.20471478961058528,0.012292758436588041,0.9979144942648592,0.5263157894736842,0.8573811509591326,40.86320029385388,49.61680624587461
waterbirds,maskedkd,1,22,4.657983869187342e-05,0.10634017832522845,0.20284635553892014,0.009834001036953255,0.9981230448383733,0.6992481203007519,0.890742285237698,40.02377898572013,48.61076638614759
waterbirds,maskedkd,1,23,4.615086064971153e-05,0.10838269406737326,0.20427374623490574,0.012491641713382056,0.9966631908237747,0.6917293233082706,0.8990825688073395,40.822999318595976,49.5335683580488
waterbirds,maskedkd,1,24,4.5698818228373126e-05,0.1084320739408852,0.20238499347124408,0.014479154671471454,0.9979144942648592,0.5939849624060151,0.8690575479566305,40.42862316593528,48.996550591196865
waterbirds,maskedkd,1,25,4.522421630162529e-05,0.10686344924976232,0.20360459051365898,0.010122307740847217,0.997497393117831,0.5639097744360902,0.8999165971643036,40.44946947693825,60.774797732941806
waterbirds,maskedkd,1,26,4.4727584939327193e-05,0.10573872891531498,0.20280368162456966,0.008673775450598907,0.9977059436913451,0.6240601503759399,0.8874061718098415,40.029699326027185,48.77204251335934
waterbirds,maskedkd,1,27,4.420947881540964e-05,0.10672844457862524,0.20388253504591017,0.009574353857648368,0.9979144942648592,0.5789473684210527,0.859883236030025,40.36715986719355,49.14309479575604
waterbirds,maskedkd,1,28,4.3670476588374966e-05,0.10562446262838943,0.20190992089332208,0.009339004274111967,0.9985401459854014,0.5037593984962406,0.8915763135946623,40.16713253222406,48.706817782018334
waterbirds,maskedkd,1,29,4.311118025500927e-05,0.1071452024520003,0.20316227300012946,0.01112813215597889,0.9977059436913451,0.6015037593984962,0.8932443703085905,40.401062421966344,49.052538784686476
waterbirds,maskedkd,1,30,4.253221447802874e-05,0.10619255140252855,0.2020194197471746,0.010365682788282085,0.9983315954118874,0.6766917293233082,0.8682235195996664,40.555098773911595,49.340529177337885
waterbirds,maskedkd,1,31,4.193422588841098e-05,0.10538129065655817,0.2016905931008123,0.009071988316264481,0.9985401459854014,0.6541353383458647,0.878231859883236,40.46049968805164,49.192636432126164
waterbirds,maskedkd,1,32,4.1317882363190655e-05,0.1077004033516669,0.20236827338636854,0.013032533450933937,0.9981230448383733,0.6390977443609023,0.8765638031693077,40.51565821329132,49.27739363675937
waterbirds,maskedkd,1,33,4.0683872279526e-05,0.10576503425525799,0.2020179027437045,0.009512165668532175,0.9987486965589155,0.5488721804511278,0.8849040867389492,41.05286429543048,49.76277144672349
waterbirds,maskedkd,1,34,4.00329037458692e-05,0.10629631325649146,0.2022771891793071,0.010315437239669534,0.997497393117831,0.6917293233082706,0.9007506255212677,40.53358269808814,49.43673639697954
waterbirds,maskedkd,1,35,3.936570381109958e-05,0.10665819923994564,0.20086511008371527,0.012451288483772773,0.9989572471324296,0.6992481203007519,0.8807339449541285,40.82195865223184,49.50861158268526
waterbirds,maskedkd,1,36,3.868301765250263e-05,0.10533683068032558,0.20202594407532087,0.008647716639983944,0.9985401459854014,0.6541353383458647,0.8798999165971643,40.72616845276207,49.47040278883651
waterbirds,maskedkd,1,37,3.798560774350198e-05,0.10590400179154681,0.20109638889962117,0.010711615555943986,0.9989572471324296,0.6015037593984962,0.8765638031693077,40.879276767838746,49.690326320938766
waterbirds,maskedkd,1,38,3.7274253002073755e-05,0.10632158055885989,0.20208703472790804,0.010556126019419234,0.9983315954118874,0.631578947368421,0.8840700583819849,40.55143248196691,49.21714977687225
waterbirds,maskedkd,1,39,3.6549747920794496e-05,0.10686359238792385,0.20296424303798158,0.010762941921690656,0.9977059436913451,0.631578947368421,0.8974145120934112,40.8356070718728,49.651388676371425
waterbirds,maskedkd,1,40,3.581290167949421e-05,0.10755709493154032,0.20298317281744901,0.012131016927492553,0.9979144942648592,0.6090225563909775,0.878231859883236,41.00060446606949,49.81388242170215
waterbirds,maskedkd,1,41,3.5064537241505625e-05,0.105826787257468,0.20144841096386298,0.0102051628473612,0.9989572471324296,0.5488721804511278,0.8924103419516264,41.90117324190214,51.03564514499158
waterbirds,maskedkd,1,42,3.4305490434519064e-05,0.1038992882023514,0.20028925677285578,0.007509319699492948,0.9995828988529718,0.5413533834586466,0.8665554628857381,41.65671139676124,50.31874214718118
waterbirds,maskedkd,1,43,3.353660901706944e-05,0.1064633638334846,0.2003436395721714,0.0125830885292127,0.9997914494264859,0.5864661654135338,0.878231859883236,39.860577758867294,48.57343865279108
waterbirds,maskedkd,1,44,3.2758751731698036e-05,0.10431791109977848,0.2006243408347817,0.008011481755173244,0.9991657977059437,0.47368421052631576,0.8832360300250208,40.99061859305948,49.68764463393018
waterbirds,maskedkd,1,45,3.197278734584651e-05,0.10403000907088718,0.20065078166030867,0.007409236373620669,0.9993743482794578,0.5338345864661654,0.8665554628857381,40.78582402924076,49.577072461135685
waterbirds,maskedkd,1,46,3.1179593681554446e-05,0.10488836636788157,0.20051486410736666,0.0092618688050103,0.9991657977059437,0.5488721804511278,0.8807339449541285,39.95079150469974,48.602909036912024
waterbirds,maskedkd,1,47,3.0380056635043986e-05,0.10534197082733338,0.201216654546318,0.009467287168565437,0.9983315954118874,0.6691729323308271,0.8648874061718098,41.44657302601263,50.06618659989908
waterbirds,maskedkd,1,48,2.9575069187286692e-05,0.10639741415462851,0.2017132908975991,0.011081537589279312,0.9987486965589155,0.6766917293233082,0.9007506255212677,40.72093954309821,49.51691745314747
waterbirds,maskedkd,1,49,2.876553040665759e-05,0.1049903900006143,0.2012425320147225,0.008738247791549912,0.9989572471324296,0.5037593984962406,0.8974145120934112,40.134876725729555,48.898624796886
waterbirds,maskedkd,1,50,2.7952344444790415e-05,0.10387691291703671,0.20040602580536393,0.007347799776383211,0.9987486965589155,0.6390977443609023,0.8732276897414513,40.082673215307295,60.906466430053115
waterbirds,maskedkd,1,51,2.7136419526755484e-05,0.10356655117586581,0.1995844139980698,0.00754868802167786,0.9997914494264859,0.6541353383458647,0.8798999165971643,40.438652731943876,49.095019231084734
waterbirds,maskedkd,1,52,2.631866693668803e-05,0.10470308978285357,0.19990325157100391,0.009502928389374233,0.9995828988529718,0.6766917293233082,0.8765638031693077,40.81892661284655,49.58968178415671
waterbirds,maskedkd,1,53,2.5500000000000003e-05,0.10614780890711654,0.20090500038967887,0.011390617133989324,0.9993743482794578,0.5864661654135338,0.8957464553794829,40.32325082598254,48.98681702604517
waterbirds,maskedkd,1,54,2.4681333063311983e-05,0.10549207908393693,0.20083072388445622,0.010153434563736985,0.9991657977059437,0.5864661654135338,0.8865721434528774,40.59108102088794,49.34987361403182
waterbirds,maskedkd,1,55,2.3863580473244526e-05,0.10359795645454256,0.20058748755328226,0.006608425192141612,0.9993743482794578,0.5864661654135338,0.878231859883236,41.94624593062326,50.889570641331375
waterbirds,maskedkd,1,56,2.3047655555209592e-05,0.1033606241203697,0.19998139664763828,0.006739851996803712,0.9993743482794578,0.5338345864661654,0.8773978315262719,41.13483870122582,49.8652540310286
waterbirds,maskedkd,1,57,2.223446959334243e-05,0.10283001116685749,0.19943398534940854,0.006226036810278271,1.0,0.5488721804511278,0.8690575479566305,40.6608950891532,49.291677430737764
waterbirds,maskedkd,1,58,2.1424930812713318e-05,0.10379481968995304,0.1995764893274735,0.00801315028844372,0.9997914494264859,0.5413533834586466,0.8857381150959133,40.43397507397458,49.39454528829083
waterbirds,maskedkd,1,59,2.0619943364956024e-05,0.10419745406716659,0.19975453655277228,0.008640371499086873,0.9993743482794578,0.5263157894736842,0.8732276897414513,39.97961787879467,48.97230588598177
waterbirds,maskedkd,1,60,1.9820406318445557e-05,0.1043056325196474,0.20014182042652923,0.008469445364815848,0.9993743482794578,0.6090225563909775,0.8740617180984154,41.724651935044676,50.37396898679435
waterbirds,maskedkd,1,61,1.9027212654153495e-05,0.10412656416081288,0.200695399553112,0.0075577287061180725,0.9987486965589155,0.6691729323308271,0.872393661384487,40.94071771018207,49.618475979194045
waterbirds,maskedkd,1,62,1.824124826830197e-05,0.10420752603082886,0.2002672811805021,0.008147770619785609,0.9995828988529718,0.5338345864661654,0.8807339449541285,38.86106339516118,47.62257367419079
waterbirds,maskedkd,1,63,1.746339098293056e-05,0.10367754366990796,0.2004163403269894,0.006938746898705519,0.9991657977059437,0.518796992481203,0.8707256046705588,40.263710335828364,48.90053429501131
waterbirds,maskedkd,1,64,1.6694509565480943e-05,0.10354612746253625,0.19979788699848683,0.007294367599530229,0.9995828988529718,0.5488721804511278,0.8748957464553795,40.97547484887764,49.73031949531287
waterbirds,maskedkd,1,65,1.593546275849438e-05,0.10417581462108057,0.19961821282121262,0.008733416474166951,0.9997914494264859,0.5037593984962406,0.8732276897414513,41.2717341077514,50.09235454397276
waterbirds,maskedkd,1,66,1.5187098320505799e-05,0.10348198440885395,0.19960785794680758,0.007356110972869943,0.9997914494264859,0.6090225563909775,0.8707256046705588,40.60275356378406,49.436101054772735
waterbirds,maskedkd,1,67,1.4450252079205502e-05,0.10492398559860691,0.20000745648512377,0.009840514410721242,0.9995828988529718,0.6165413533834586,0.8815679733110926,41.23749576183036,49.81947752088308
waterbirds,maskedkd,1,68,1.372574699792625e-05,0.10408118851055567,0.19985476920577358,0.008307608442353832,0.9995828988529718,0.6240601503759399,0.8773978315262719,38.83369006309658,47.303978527896106
waterbirds,maskedkd,1,69,1.3014392256498022e-05,0.10411141235711552,0.19978841715361204,0.008434407394359954,0.9995828988529718,0.5939849624060151,0.8798999165971643,40.291027393657714,49.10144405113533
waterbirds,maskedkd,1,70,1.2316982347497372e-05,0.10444886398048173,0.20032556510071065,0.008572163757536952,0.9993743482794578,0.6165413533834586,0.8840700583819849,41.566275764256716,50.34476161329076
waterbirds,maskedkd,1,71,1.1634296188900416e-05,0.10299430691847836,0.1992851267734832,0.006703487347956645,1.0,0.47368421052631576,0.878231859883236,40.759029069915414,49.43696511909366
waterbirds,maskedkd,1,72,1.0967096254130799e-05,0.1050293418037879,0.20063652261330264,0.009422160560562352,0.9991657977059437,0.631578947368421,0.8874061718098415,41.63322767196223,50.35572995478287
waterbirds,maskedkd,1,73,1.0316127720474006e-05,0.10346278181849232,0.19945092972861342,0.007474634520456047,0.9995828988529718,0.6466165413533834,0.8899082568807339,40.835302382241935,49.372960194945335
waterbirds,maskedkd,1,74,9.682117636809343e-06,0.10497499485738086,0.20041701793049124,0.009532971835012496,0.9991657977059437,0.6766917293233082,0.8924103419516264,39.98935304908082,48.62459841184318
waterbirds,maskedkd,1,75,9.065774111589031e-06,0.10353974592294136,0.19954377872106058,0.007535713438403029,0.9997914494264859,0.631578947368421,0.8974145120934112,41.019067395012826,61.42471157107502
waterbirds,maskedkd,1,76,8.467785521971265e-06,0.10428056298940597,0.20032885085492239,0.008232275856080017,0.9991657977059437,0.6466165413533834,0.8940783986655546,40.86937266821042,49.52352157467976
waterbirds,maskedkd,1,77,7.888819744990736e-06,0.10324351015317179,0.19982245289744874,0.006664568231207036,0.9995828988529718,0.631578947368421,0.8949124270225187,40.79309636494145,49.607237935997546
waterbirds,maskedkd,1,78,7.329523411625039e-06,0.10430008247261624,0.19995881176405084,0.008641352766310957,0.9995828988529718,0.6090225563909775,0.8932443703085905,40.85158758284524,49.611917505040765
waterbirds,maskedkd,1,79,6.790521184590367e-06,0.10339898590748203,0.19961974555558532,0.007178226600151521,0.9995828988529718,0.6090225563909775,0.8940783986655546,40.40014954423532,49.206249678041786
waterbirds,maskedkd,1,80,6.272415060672806e-06,0.10374697481628752,0.2005939807707873,0.006899968271335049,0.9989572471324296,0.631578947368421,0.8949124270225187,40.93238652590662,49.68930156389251
waterbirds,maskedkd,1,81,5.77578369837471e-06,0.10366988227284116,0.20032357093999484,0.0070161938614613055,0.9991657977059437,0.6390977443609023,0.8899082568807339,40.647358011920005,49.370409415103495
waterbirds,maskedkd,1,82,5.301181771626878e-06,0.10273029263188618,0.19968534496081633,0.005775240377151059,0.9997914494264859,0.6390977443609023,0.890742285237698,40.8855598885566,49.49546921765432
waterbirds,maskedkd,1,83,4.849139350288474e-06,0.10344207254204436,0.1995709317257556,0.00731321334470077,0.9997914494264859,0.6390977443609023,0.8899082568807339,40.37439562100917,49.03737861523405
waterbirds,maskedkd,1,84,4.420161308126591e-06,0.1040389696456593,0.19943591979671196,0.008642020044417137,1.0,0.6390977443609023,0.8899082568807339,41.08900655945763,49.804813503753394
waterbirds,maskedkd,1,85,4.014726758936549e-06,0.10297239177915675,0.1998078084371137,0.006136975009257762,0.9997914494264859,0.6616541353383458,0.8882402001668057,40.9063152638264,49.62873260397464
waterbirds,maskedkd,1,86,3.6332885214329124e-06,0.10482535555694598,0.19960201289718418,0.010048698138707094,0.9993743482794578,0.6165413533834586,0.8874061718098415,40.23725016787648,49.00188980670646
waterbirds,maskedkd,1,87,3.2762726135086534e-06,0.10430542322126245,0.20013736653626277,0.00847347981570341,0.9993743482794578,0.6090225563909775,0.8857381150959133,41.27816849993542,49.893826205749065
waterbirds,maskedkd,1,88,2.9440777764274926e-06,0.10386654763357234,0.19918480765334756,0.008548286866505434,1.0,0.6090225563909775,0.8832360300250208,40.934062256943434,49.59114633034915
waterbirds,maskedkd,1,89,2.6370750294807374e-06,0.10438758341189594,0.2002856695863328,0.008489497308158029,0.9991657977059437,0.631578947368421,0.8874061718098415,41.29568822821602,50.297735907137394
waterbirds,maskedkd,1,90,2.3556072556059925e-06,0.10385660501012464,0.20001048333204824,0.007702726999936748,0.9995828988529718,0.6165413533834586,0.8865721434528774,39.940134866628796,48.49844067823142
waterbirds,maskedkd,1,91,2.0999888184306456e-06,0.10346669219240033,0.1992929033461154,0.007640480016269823,1.0,0.6240601503759399,0.8874061718098415,40.125482549425215,48.81538361683488
waterbirds,maskedkd,1,92,1.8705052111677768e-06,0.10264952558484142,0.19935302661966856,0.005946024471157783,1.0,0.6240601503759399,0.8882402001668057,40.994038415141404,49.751316024921834
waterbirds,maskedkd,1,93,1.6674127377565921e-06,0.10303582182703724,0.19924238619702453,0.006829257282172063,0.9997914494264859,0.6165413533834586,0.8874061718098415,40.954615063034,49.564421286806464
waterbirds,maskedkd,1,94,1.4909382266036246e-06,0.10315027749544636,0.19959155493906316,0.006709001091191384,0.9997914494264859,0.6165413533834586,0.8865721434528774,40.27441186644137,48.974109421949834
waterbirds,maskedkd,1,95,1.3412787772443001e-06,0.10353010475200458,0.19947553822096745,0.007584671732011553,0.9997914494264859,0.6240601503759399,0.8874061718098415,40.35634386818856,49.094343876931816
waterbirds,maskedkd,1,96,1.2186015402078894e-06,0.10403446622262781,0.1993620167559205,0.008706915969120356,0.9997914494264859,0.6466165413533834,0.8882402001668057,39.651680927257985,48.34245465416461
waterbirds,maskedkd,1,97,1.1230435303316486e-06,0.10432690162914761,0.19945519914281504,0.009198604630584594,0.9995828988529718,0.6165413533834586,0.8882402001668057,40.49177758023143,49.26007290929556
waterbirds,maskedkd,1,98,1.0547114737327475e-06,0.1047248998371354,0.19933600151004333,0.010113797539784898,1.0,0.6240601503759399,0.8882402001668057,40.85014476114884,49.52960798796266
waterbirds,maskedkd,1,99,1.013681688608762e-06,0.10339751920436545,0.19970313689755945,0.007091901430566878,0.9993743482794578,0.6390977443609023,0.8882402001668057,41.19477311009541,49.98795148078352
waterbirds,maskedkd,1,100,1e-06,0.10363819762303011,0.19930403011931616,0.007972365713215067,1.0,0.6240601503759399,0.8882402001668057,40.638138404116035,61.004112298134714
waterbirds,maskedkd,2,1,1e-05,0.3433564685681316,0.4414002328707105,0.24531270425234522,0.8344108446298227,0.12030075187969924,0.7047539616346956,42.933906537946314,51.57123176800087
waterbirds,maskedkd,2,2,2e-05,0.20051595513030063,0.29851708176610864,0.10251482853100745,0.9461939520333681,0.3684210526315789,0.8031693077564637,44.02509689098224,53.49022016907111
waterbirds,maskedkd,2,3,3.0000000000000004e-05,0.16593385184644036,0.2638761618214429,0.06799154271671745,0.9622523461939521,0.5263157894736842,0.8098415346121768,40.5951936468482,49.451413050759584
waterbirds,maskedkd,2,4,4e-05,0.1530853588899308,0.2508141066844073,0.055356611428943554,0.9710114702815432,0.40601503759398494,0.8748957464553795,39.90103292232379,48.50927117699757
waterbirds,maskedkd,2,5,5e-05,0.14297276497726272,0.24071491353206018,0.04523061674837959,0.9781021897810219,0.43609022556390975,0.8648874061718098,40.4095541681163,49.32022572727874
waterbirds,maskedkd,2,6,5e-05,0.13272183716483607,0.22937219376298013,0.03607147992884777,0.9854014598540146,0.6390977443609023,0.8348623853211009,40.166662937030196,48.994297250173986
waterbirds,maskedkd,2,7,4.9986318311391235e-05,0.12647139958812,0.22391738472069392,0.029025414369308913,0.9870698644421272,0.556390977443609,0.8665554628857381,40.564402093645185,49.403923341073096
waterbirds,maskedkd,2,8,4.994528852626726e-05,0.12335172163961577,0.21997697769166033,0.026726465738097806,0.989155370177268,0.49624060150375937,0.8582151793160967,40.51066547213122,49.32592163281515
waterbirds,maskedkd,2,9,4.987695646966835e-05,0.12284800884497427,0.21988403426407524,0.025811983596016892,0.989155370177268,0.631578947368421,0.8615512927439533,40.22152992291376,49.055049129761755
waterbirds,maskedkd,2,10,4.9781398459792115e-05,0.11650930403326798,0.21233159749923086,0.020687010243138817,0.9935349322210636,0.5413533834586466,0.8615512927439533,40.818540514912456,61.268305834848434
waterbirds,maskedkd,2,11,4.96587212227557e-05,0.1142164627923334,0.2110900141244387,0.017342910796017373,0.9937434827945777,0.631578947368421,0.8790658882402002,39.71387254074216,48.348977234680206
waterbirds,maskedkd,2,12,4.950906177339638e-05,0.11100885561037113,0.20738110689289005,0.014636604568524805,0.9956204379562044,0.7142857142857143,0.872393661384487,40.01855348888785,48.895110324025154
waterbirds,maskedkd,2,13,4.9332587262243413e-05,0.11708000769860055,0.21192928309298903,0.022230732465761096,0.9927007299270073,0.5789473684210527,0.872393661384487,41.080978718120605,50.2069373652339
waterbirds,maskedkd,2,14,4.912949478883223e-05,0.11176549670780786,0.2068065849098846,0.01672440816894003,0.9960375391032326,0.5939849624060151,0.8623853211009175,41.32353828614578,50.18414513673633
waterbirds,maskedkd,2,15,4.890001118156936e-05,0.11278061710601057,0.2077976561500084,0.017763578069004946,0.9954118873826903,0.6842105263157895,0.8707256046705588,41.55494568031281,50.2093969900161
waterbirds,maskedkd,2,16,4.864439274439401e-05,0.11154260733422199,0.207831499201165,0.015253715729972151,0.9947862356621481,0.6766917293233082,0.8899082568807339,41.178502947092056,50.06307663116604
waterbirds,maskedkd,2,17,4.836292497051926e-05,0.10899856175229,0.204042466303355,0.013954657628137824,0.9979144942648592,0.5488721804511278,0.8757297748123436,40.26580770779401,48.9374583279714
waterbirds,maskedkd,2,18,4.8055922223572505e-05,0.10792154701304262,0.2040910668741053,0.011752027223844224,0.9979144942648592,0.6240601503759399,0.878231859883236,41.03938950179145,49.91734656272456
waterbirds,maskedkd,2,19,4.7723727386491355e-05,0.10959016596500269,0.20427108186999252,0.014909249880934781,0.9962460896767467,0.5864661654135338,0.8682235195996664,40.98795625194907,49.762602902948856
waterbirds,maskedkd,2,20,4.7366711478567095e-05,0.10874760259210876,0.20365428020546408,0.013840923995426366,0.997497393117831,0.7218045112781954,0.8582151793160967,39.491703419946134,48.28413546690717
waterbirds,maskedkd,2,21,4.6985273241063454e-05,0.11038079924329851,0.20566926608493355,0.015092332547722817,0.9968717413972888,0.5639097744360902,0.8732276897414513,40.69458993524313,49.35262230411172
waterbirds,maskedkd,2,22,4.657983869187342e-05,0.10894681146141137,0.20424824947796225,0.01364537360393311,0.997497393117831,0.5488721804511278,0.878231859883236,40.8182213162072,49.64727229997516
waterbirds,maskedkd,2,23,4.615086064971153e-05,0.10819431033385558,0.20196823696523314,0.014420383201054529,0.9987486965589155,0.6917293233082706,0.8957464553794829,40.99973649159074,49.68206566106528
waterbirds,maskedkd,2,24,4.5698818228373126e-05,0.10789879565132049,0.2032113744083858,0.01258621783606607,0.9983315954118874,0.5488721804511278,0.8690575479566305,41.423604804091156,50.051511712837964
waterbirds,maskedkd,2,25,4.522421630162529e-05,0.1090141999538176,0.20492155612820256,0.013106843965891379,0.9968717413972888,0.5413533834586466,0.8773978315262719,40.37189128110185,60.81537663331255
waterbirds,maskedkd,2,26,4.4727584939327193e-05,0.10773522681998511,0.2040918131348239,0.011378640906663847,0.9979144942648592,0.556390977443609,0.8657214345287739,40.743793711066246,49.406408028677106
waterbirds,maskedkd,2,27,4.420947881540964e-05,0.10492875359571763,0.20123390511253206,0.008623602645223081,0.9993743482794578,0.5639097744360902,0.8824020016680567,40.933517016936094,49.6635038247332
waterbirds,maskedkd,2,28,4.3670476588374966e-05,0.10644065941741246,0.20195727155032073,0.010924046632141356,0.9985401459854014,0.5939849624060151,0.8457047539616347,40.62946540303528,49.19365736283362
waterbirds,maskedkd,2,29,4.311118025500927e-05,0.10885205634940529,0.20338480998378353,0.014319302337253864,0.9979144942648592,0.6090225563909775,0.8840700583819849,40.83593138027936,49.52341193612665
waterbirds,maskedkd,2,30,4.253221447802874e-05,0.1076216642827386,0.2023071888744893,0.012936138960885368,0.9981230448383733,0.5338345864661654,0.8840700583819849,40.498607356101274,49.19159639393911
waterbirds,maskedkd,2,31,4.193422588841098e-05,0.10612389376159753,0.2018274273968091,0.01042036034634902,0.9981230448383733,0.6842105263157895,0.8707256046705588,40.340575522743165,49.07561380509287
waterbirds,maskedkd,2,32,4.1317882363190655e-05,0.10809010550053451,0.20249353831515446,0.013686673004059772,0.9983315954118874,0.5789473684210527,0.8632193494578816,40.02130706887692,48.589287573006004
waterbirds,maskedkd,2,33,4.0683872279526e-05,0.108878744991032,0.2027446012769178,0.015012889037251557,0.9981230448383733,0.6541353383458647,0.8915763135946623,40.089141129981726,48.84172901511192
waterbirds,maskedkd,2,34,4.00329037458692e-05,0.10796632950230112,0.202709292203219,0.013223365994232947,0.9981230448383733,0.7218045112781954,0.8640533778148457,40.1865674960427,48.75577686680481
waterbirds,maskedkd,2,35,3.936570381109958e-05,0.10815974673930248,0.20381531395616323,0.012504179763672747,0.9977059436913451,0.6015037593984962,0.8715596330275229,40.70761336525902,49.42400402389467
waterbirds,maskedkd,2,36,3.868301765250263e-05,0.10702089549074333,0.20110172837568646,0.012940061985727738,0.9993743482794578,0.6691729323308271,0.8798999165971643,40.200897206086665,48.91858463967219
waterbirds,maskedkd,2,37,3.798560774350198e-05,0.10615047930863154,0.2016399689399413,0.0106609891334838,0.9985401459854014,0.5714285714285714,0.8874061718098415,40.93670292198658,49.516808005049825
waterbirds,maskedkd,2,38,3.7274253002073755e-05,0.10619182544716704,0.2024215438660541,0.009962107179777715,0.9977059436913451,0.5939849624060151,0.8924103419516264,40.837952190078795,49.39729325985536
waterbirds,maskedkd,2,39,3.6549747920794496e-05,0.10929016912350192,0.2034015485094287,0.015178789844691785,0.9979144942648592,0.46616541353383456,0.859883236030025,39.39297193940729,48.161088190972805
waterbirds,maskedkd,2,40,3.581290167949421e-05,0.10640014184559224,0.20193313723187253,0.010867146692773846,0.9983315954118874,0.6466165413533834,0.8773978315262719,40.50606586271897,49.15599024994299
waterbirds,maskedkd,2,41,3.5064537241505625e-05,0.10618789183117675,0.20066655695251925,0.01170922607912782,0.9993743482794578,0.5338345864661654,0.8840700583819849,41.03589013265446,49.80497186258435
waterbirds,maskedkd,2,42,3.4305490434519064e-05,0.10668989748259904,0.2016084053344846,0.011771389915160175,0.9991657977059437,0.5413533834586466,0.8815679733110926,40.77603464899585,49.530582416802645
waterbirds,maskedkd,2,43,3.353660901706944e-05,0.10895666031631115,0.20288833362342668,0.015024987384413512,0.9983315954118874,0.5789473684210527,0.8899082568807339,37.898100154008716,46.51710014697164
waterbirds,maskedkd,2,44,3.2758751731698036e-05,0.10597583901241997,0.20131927483148943,0.010632403684698427,0.9989572471324296,0.6240601503759399,0.8707256046705588,40.729855025187135,49.479704725090414
waterbirds,maskedkd,2,45,3.197278734584651e-05,0.1066208015284399,0.20161261671651018,0.011628986358190027,0.9987486965589155,0.631578947368421,0.8840700583819849,40.724829849787056,49.540183273144066
waterbirds,maskedkd,2,46,3.1179593681554446e-05,0.10648566977323903,0.20055516361879483,0.01241617500315866,0.9993743482794578,0.6165413533834586,0.8765638031693077,40.23218602593988,49.38511839881539
waterbirds,maskedkd,2,47,3.0380056635043986e-05,0.10574766773501328,0.200701986363583,0.010793349833013558,0.9993743482794578,0.6616541353383458,0.8740617180984154,40.73501404002309,49.245984870009124
waterbirds,maskedkd,2,48,2.9575069187286692e-05,0.10605140513933736,0.20158796389980535,0.010514846597327166,0.9983315954118874,0.5939849624060151,0.8557130942452044,40.78098209714517,49.549736632965505
waterbirds,maskedkd,2,49,2.876553040665759e-05,0.10524481901815462,0.20077636346018973,0.00971327455902746,0.9991657977059437,0.42105263157894735,0.8682235195996664,41.13569199759513,49.776683093979955
waterbirds,maskedkd,2,50,2.7952344444790415e-05,0.10561362430064845,0.20137413996228087,0.009853109138861407,0.9985401459854014,0.5864661654135338,0.8949124270225187,39.98427083157003,60.92207628488541
waterbirds,maskedkd,2,51,2.7136419526755484e-05,0.10686858634661583,0.2019330243062426,0.011804148649560857,0.9983315954118874,0.5413533834586466,0.8807339449541285,40.28924290975556,49.14485104288906
waterbirds,maskedkd,2,52,2.631866693668803e-05,0.10591118980715744,0.20057195315333676,0.011250425889948238,0.9995828988529718,0.5488721804511278,0.8790658882402002,40.812612132169306,49.628093880135566
waterbirds,maskedkd,2,53,2.5500000000000003e-05,0.10559793369022973,0.20007444042110345,0.011121427145996836,0.9995828988529718,0.6992481203007519,0.8840700583819849,39.82669701287523,48.556889013852924
waterbirds,maskedkd,2,54,2.4681333063311983e-05,0.10598207247114282,0.20125325906388578,0.010710885568800633,0.9985401459854014,0.47368421052631576,0.8748957464553795,40.890032737050205,49.65634701913223
waterbirds,maskedkd,2,55,2.3863580473244526e-05,0.10734558463780301,0.20147682822409463,0.013214340412258963,0.9985401459854014,0.6541353383458647,0.8840700583819849,39.4312977809459,47.90418985672295
waterbirds,maskedkd,2,56,2.3047655555209592e-05,0.1057183873976607,0.2000390424718449,0.011397732502955175,0.9995828988529718,0.6090225563909775,0.8882402001668057,40.31638000532985,48.952409198042005
waterbirds,maskedkd,2,57,2.223446959334243e-05,0.10677887172718864,0.20109993103460425,0.012457812641168497,0.9985401459854014,0.5939849624060151,0.8807339449541285,41.775044064968824,50.966462993994355
waterbirds,maskedkd,2,58,2.1424930812713318e-05,0.10568954396577274,0.20082953634115405,0.010549551646766079,0.9991657977059437,0.706766917293233,0.8807339449541285,40.34006474725902,49.03176589589566
waterbirds,maskedkd,2,59,2.0619943364956024e-05,0.10594790219576938,0.2005004077435037,0.011395396951734593,0.9991657977059437,0.6917293233082706,0.8740617180984154,40.44078402919695,49.106272214092314
waterbirds,maskedkd,2,60,1.9820406318445557e-05,0.10729079701014181,0.2007603135950498,0.01382128085855616,0.9993743482794578,0.5939849624060151,0.8882402001668057,39.874483971856534,48.75297567714006
waterbirds,maskedkd,2,61,1.9027212654153495e-05,0.1056314954248658,0.20114768976899208,0.010115301310001242,0.9989572471324296,0.6015037593984962,0.8798999165971643,40.935532675124705,49.39834856195375
waterbirds,maskedkd,2,62,1.824124826830197e-05,0.1058594723019411,0.1997885583557103,0.011930386021289473,0.9997914494264859,0.6090225563909775,0.8815679733110926,40.75125364866108,49.475656112190336
waterbirds,maskedkd,2,63,1.746339098293056e-05,0.10692263480209832,0.20110140155701742,0.012743868305113815,0.9987486965589155,0.6090225563909775,0.872393661384487,41.26006100093946,49.98375781998038
waterbirds,maskedkd,2,64,1.6694509565480943e-05,0.1067668522066195,0.20071039694255535,0.012823307800118358,0.9989572471324296,0.6240601503759399,0.8740617180984154,39.91948801232502,48.72229684796184
waterbirds,maskedkd,2,65,1.593546275849438e-05,0.10494329391573716,0.2000639813038306,0.009822606661588117,0.9995828988529718,0.6541353383458647,0.8765638031693077,40.643116789869964,49.31084228027612
waterbirds,maskedkd,2,66,1.5187098320505799e-05,0.10561605108915455,0.2001904042035621,0.011041697866410334,0.9993743482794578,0.6165413533834586,0.8757297748123436,39.68025203421712,48.47019226010889
waterbirds,maskedkd,2,67,1.4450252079205502e-05,0.10466455087081235,0.19949909270866323,0.00983000891754157,1.0,0.6090225563909775,0.8698915763135947,40.602840865030885,49.242107284255326
waterbirds,maskedkd,2,68,1.372574699792625e-05,0.10434107034932337,0.20001300512128378,0.008669136122754766,0.9997914494264859,0.5714285714285714,0.8682235195996664,39.49775576312095,48.60123462602496
waterbirds,maskedkd,2,69,1.3014392256498022e-05,0.10633990043799497,0.2007321359591638,0.011947664717888232,0.9989572471324296,0.706766917293233,0.8690575479566305,40.29378357809037,48.739615850150585
waterbirds,maskedkd,2,70,1.2316982347497372e-05,0.10590339059066474,0.20012058591134108,0.01168619489267651,0.9995828988529718,0.631578947368421,0.8698915763135947,40.26576693402603,48.981212061829865
waterbirds,maskedkd,2,71,1.1634296188900416e-05,0.10580269380922237,0.20100433017526353,0.010601057649463341,0.9991657977059437,0.6390977443609023,0.8690575479566305,40.301543722860515,49.008008267730474
waterbirds,maskedkd,2,72,1.0967096254130799e-05,0.10485230620262893,0.20053138753109853,0.009173224861704481,0.9993743482794578,0.631578947368421,0.8607172643869891,40.047878997866064,48.69108780194074
waterbirds,maskedkd,2,73,1.0316127720474006e-05,0.10495399086269025,0.19976589332283226,0.010142088457708935,0.9997914494264859,0.5864661654135338,0.8715596330275229,40.84169816784561,49.497174887917936
waterbirds,maskedkd,2,74,9.682117636809343e-06,0.10480488803202716,0.20041826350596947,0.009191512671368229,0.9993743482794578,0.6015037593984962,0.8648874061718098,40.878417250234634,49.51406311010942
waterbirds,maskedkd,2,75,9.065774111589031e-06,0.10463494912520191,0.20004286841878802,0.00922702979470037,0.9995828988529718,0.5864661654135338,0.8648874061718098,40.92294237902388,61.23861688282341
waterbirds,maskedkd,2,76,8.467785521971265e-06,0.10510056879957973,0.19935183282689084,0.010849305385445963,1.0,0.5639097744360902,0.8715596330275229,40.354399541858584,49.12670762697235
waterbirds,maskedkd,2,77,7.888819744990736e-06,0.1061961859309263,0.20022574323807318,0.01216662859891826,0.9997914494264859,0.5864661654135338,0.8607172643869891,41.52714517060667,50.81157776014879
waterbirds,maskedkd,2,78,7.329523411625039e-06,0.10623694054463857,0.20085601700048378,0.01161786418746112,0.9989572471324296,0.6165413533834586,0.8673894912427023,42.117315822746605,51.39592029387131
waterbirds,maskedkd,2,79,6.790521184590367e-06,0.10510638796872963,0.2006815668502366,0.009531209601222404,0.9991657977059437,0.631578947368421,0.8698915763135947,41.118675847072154,49.719793434720486
waterbirds,maskedkd,2,80,6.272415060672806e-06,0.10542918774333314,0.19969945804170325,0.011158917311722718,1.0,0.5864661654135338,0.872393661384487,40.63281310442835,49.44645913876593
waterbirds,maskedkd,2,81,5.77578369837471e-06,0.10535852422275434,0.20014311786861438,0.010573930824389127,0.9997914494264859,0.5939849624060151,0.8665554628857381,40.063423769082874,48.62070861691609
waterbirds,maskedkd,2,82,5.301181771626878e-06,0.1059032448078967,0.1997695720978897,0.012036917390417389,0.9997914494264859,0.6240601503759399,0.8632193494578816,40.801186721771955,49.455475165043026
waterbirds,maskedkd,2,83,4.849139350288474e-06,0.10517766883089844,0.19982650821350662,0.01052883027201058,0.9997914494264859,0.6466165413533834,0.8615512927439533,41.14375161379576,49.78003013134003
waterbirds,maskedkd,2,84,4.420161308126591e-06,0.10580894077688113,0.19982859596097308,0.01178928544750676,0.9997914494264859,0.6090225563909775,0.8715596330275229,40.64078899519518,49.56193617079407
waterbirds,maskedkd,2,85,4.014726758936549e-06,0.1043214952843157,0.2000694360300448,0.008573554546452818,0.9995828988529718,0.6090225563909775,0.8732276897414513,41.26413434604183,49.85829391377047
waterbirds,maskedkd,2,86,3.6332885214329124e-06,0.10487867865684258,0.19980111598533434,0.009956241247940487,0.9997914494264859,0.5639097744360902,0.8732276897414513,40.58373057283461,49.43788028601557
waterbirds,maskedkd,2,87,3.2762726135086534e-06,0.10463021301564385,0.19975968573525998,0.009500740161961929,0.9997914494264859,0.5639097744360902,0.8732276897414513,40.69361132290214,49.39831641316414
waterbirds,maskedkd,2,88,2.9440777764274926e-06,0.10544525425768496,0.19982035256401715,0.011070156203533354,0.9997914494264859,0.556390977443609,0.8748957464553795,41.10816898709163,49.83487350586802
waterbirds,maskedkd,2,89,2.6370750294807374e-06,0.10550328190433594,0.19972911139598604,0.011277453045577307,0.9997914494264859,0.5789473684210527,0.8740617180984154,39.34820483997464,48.25519237294793
waterbirds,maskedkd,2,90,2.3556072556059925e-06,0.10563482242064381,0.19987096390895726,0.011398680866390032,0.9997914494264859,0.5714285714285714,0.8740617180984154,41.2463047131896,49.88542268285528
waterbirds,maskedkd,2,91,2.0999888184306456e-06,0.10523388857513324,0.19982338785130738,0.010644388785007933,0.9997914494264859,0.5639097744360902,0.8698915763135947,40.500979153905064,49.27705584978685
waterbirds,maskedkd,2,92,1.8705052111677768e-06,0.10547763698572163,0.20031001186221684,0.010645262086865948,0.9995828988529718,0.6090225563909775,0.8715596330275229,40.763918578159064,49.526482357643545
waterbirds,maskedkd,2,93,1.6674127377565921e-06,0.10757844401474914,0.20119900699701002,0.013957881349249626,0.9993743482794578,0.631578947368421,0.8690575479566305,40.44810747914016,49.30053688120097
waterbirds,maskedkd,2,94,1.4909382266036246e-06,0.10576112750175723,0.20022719244514442,0.011295062702754172,0.9997914494264859,0.6240601503759399,0.8698915763135947,40.207605979871005,48.87069079186767
waterbirds,maskedkd,2,95,1.3412787772443001e-06,0.10624386897704897,0.20005396946378992,0.012433768259905224,0.9995828988529718,0.6165413533834586,0.8707256046705588,40.973644139710814,49.8193817907013
waterbirds,maskedkd,2,96,1.2186015402078894e-06,0.10525625675636983,0.20043841496001194,0.010074098711606111,0.9993743482794578,0.6165413533834586,0.8707256046705588,41.066980195231736,49.87703613191843
waterbirds,maskedkd,2,97,1.1230435303316486e-06,0.1046727574499357,0.20008408639490666,0.009261428260528974,0.9995828988529718,0.5864661654135338,0.8715596330275229,40.61571049923077,49.13082612818107
waterbirds,maskedkd,2,98,1.0547114737327475e-06,0.10606748928491713,0.1998983352941318,0.012236643205367697,1.0,0.5789473684210527,0.8715596330275229,40.792716382071376,49.442792038898915
waterbirds,maskedkd,2,99,1.013681688608762e-06,0.10620969791544117,0.19995947915582885,0.012459916795353377,0.9995828988529718,0.5789473684210527,0.8715596330275229,38.695659678895026,47.33735911408439
waterbirds,maskedkd,2,100,1e-06,0.10509178363431607,0.20004176894616535,0.01014179752030574,0.9997914494264859,0.5789473684210527,0.8715596330275229,40.8265076726675,60.79330769088119
