dataset,method,seed,group,label,background,correct,n,accuracy
waterbirds,teacher,0,0,0,0,2247,2255,0.9964523281596452
waterbirds,teacher,0,1,0,1,1889,2255,0.8376940133037694
waterbirds,teacher,0,2,1,0,506,642,0.7881619937694704
waterbirds,teacher,0,3,1,1,624,642,0.9719626168224299
waterbirds,maskedkd,0,0,0,0,2227,2255,0.9875831485587583
waterbirds,maskedkd,0,1,0,1,1689,2255,0.7490022172949002
waterbirds,maskedkd,0,2,1,0,505,642,0.7866043613707165
waterbirds,maskedkd,0,3,1,1,618,642,0.9626168224299065
waterbirds,maskedkd,1,0,0,0,2218,2255,0.9835920177383592
waterbirds,maskedkd,1,1,0,1,1653,2255,0.7330376940133038
waterbirds,maskedkd,1,2,1,0,474,642,0.7383177570093458
waterbirds,maskedkd,1,3,1,1,618,642,0.9626168224299065
waterbirds,maskedkd,2,0,0,0,2233,2255,0.9902439024390244
waterbirds,maskedkd,2,1,0,1,1673,2255,0.7419068736141907
waterbirds,maskedkd,2,2,1,0,451,642,0.7024922118380063
waterbirds,maskedkd,2,3,1,1,625,642,0.9735202492211839
