dataset,method,seed,epoch,n,student_accuracy,teacher_full_accuracy,teacher_masked_accuracy,full_correct_masked_wrong,full_wrong_masked_correct,full_masked_disagreement,full_student_disagreement,masked_student_disagreement,kl_full_to_masked,foreground_recall,foreground_precision,foreground_images,selection_overlap_initial,selection_overlap_previous
waterbirds,maskedkd,0,0,1199,0.3577981651376147,0.9074228523769808,0.8957464553794829,0.027522935779816515,0.0158465387823186,0.043369474562135114,0.628023352793995,0.6246872393661385,0.04964310934050964,0.9198069870720514,0.3849040763988606,1199,1.0,1.0
waterbirds,maskedkd,0,10,1199,0.8874061718098415,0.9074228523769808,0.9040867389491243,0.021684737281067557,0.01834862385321101,0.040033361134278564,0.06672226855713094,0.0817347789824854,0.04835063149939735,0.921322824956975,0.38653809234835484,1199,0.7952715698456196,0.7952715698456196
waterbirds,maskedkd,0,25,1199,0.8890742285237698,0.9074228523769808,0.896580483736447,0.02835696413678065,0.01751459549624687,0.045871559633027525,0.07172643869891576,0.08924103419516263,0.056382657983359744,0.9304121691947982,0.3919677869591542,1199,0.7770591138874232,0.8405473949379585
waterbirds,maskedkd,0,50,1199,0.859883236030025,0.9074228523769808,0.8949124270225187,0.02835696413678065,0.0158465387823186,0.04420350291909925,0.08590492076730609,0.10508757297748124,0.04822592057902879,0.9085068738490368,0.3801126670996481,1199,0.7587955949685963,0.8505131827543361
waterbirds,maskedkd,0,75,1199,0.8815679733110926,0.9074228523769808,0.8949124270225187,0.02835696413678065,0.0158465387823186,0.04420350291909925,0.0725604670558799,0.09341117597998332,0.04977510996734579,0.9105740182095513,0.3801467118410392,1199,0.7666337594253715,0.8901635716838863
waterbirds,maskedkd,0,100,1199,0.8807339449541285,0.9074228523769808,0.8949124270225187,0.027522935779816515,0.015012510425354461,0.042535446205170975,0.07005838198498748,0.08256880733944955,0.04625138551388262,0.9165913189720173,0.38332963725544195,1199,0.7668465217613317,0.9637623189392521
waterbirds,maskedkd,1,0,1199,0.4061718098415346,0.9074228523769808,0.8957464553794829,0.027522935779816515,0.0158465387823186,0.043369474562135114,0.5929941618015012,0.5929941618015012,0.04964310934050964,0.9198069870720514,0.3849040763988606,1199,1.0,1.0
waterbirds,maskedkd,1,10,1199,0.9015846538782318,0.9074228523769808,0.8974145120934112,0.030025020850708923,0.020016680567139282,0.05004170141784821,0.06422018348623854,0.09090909090909091,0.055942353313234175,0.9209743926085662,0.3871082945402907,1199,0.7866419294990723,0.7866419294990723
waterbirds,maskedkd,1,25,1199,0.8999165971643036,0.9074228523769808,0.8990825688073395,0.027522935779816515,0.019182652210175146,0.04670558798999166,0.08090075062552127,0.09424520433694746,0.049378084478662154,0.9269027248633912,0.38982314124914685,1199,0.7737059794726898,0.8358581130533949
waterbirds,maskedkd,1,50,1199,0.8732276897414513,0.9074228523769808,0.9074228523769808,0.016680567139282735,0.016680567139282735,0.03336113427856547,0.07923269391159299,0.09090909090909091,0.042848275815936004,0.9195593021828696,0.38530407357553925,1199,0.7600551479974809,0.8525386801926775
waterbirds,maskedkd,1,75,1199,0.8974145120934112,0.9074228523769808,0.8957464553794829,0.029190992493744787,0.01751459549624687,0.04670558798999166,0.0633861551292744,0.08006672226855713,0.05588488461289732,0.9095569050640141,0.3805552157289888,1199,0.7577402937822335,0.8986485336419806
waterbirds,maskedkd,1,100,1199,0.8882402001668057,0.9074228523769808,0.8990825688073395,0.02835696413678065,0.020016680567139282,0.04837364470391994,0.06255212677231026,0.07923269391159299,0.05436531807901066,0.9052844918499995,0.37830844255563517,1199,0.757833909210056,0.9659580262463617
waterbirds,maskedkd,2,0,1199,0.5571309424520434,0.9074228523769808,0.8957464553794829,0.027522935779816515,0.0158465387823186,0.043369474562135114,0.42035029190992496,0.41367806505421184,0.04964310934050964,0.9198069870720514,0.3849040763988606,1199,1.0,1.0
waterbirds,maskedkd,2,10,1199,0.8615512927439533,0.9074228523769808,0.8924103419516264,0.030025020850708923,0.015012510425354461,0.045037531276063386,0.08256880733944955,0.09424520433694746,0.05325337535265936,0.8854899004760437,0.367363952019495,1199,0.7794931150108083,0.7794931150108083
waterbirds,maskedkd,2,25,1199,0.8773978315262719,0.9074228523769808,0.8957464553794829,0.0316930775646372,0.020016680567139282,0.05170975813177648,0.08006672226855713,0.0950792326939116,0.056880403774556665,0.8790544910764972,0.364232089541374,1199,0.7544126908478154,0.836173001310616
waterbirds,maskedkd,2,50,1199,0.8949124270225187,0.9074228523769808,0.8949124270225187,0.0316930775646372,0.019182652210175146,0.05087572977481234,0.07756463719766472,0.0884070058381985,0.05641454346540126,0.8799409747024294,0.3653895156993977,1199,0.7482936460655989,0.8513727425916154
waterbirds,maskedkd,2,75,1199,0.8648874061718098,0.9074228523769808,0.8874061718098415,0.03919933277731443,0.019182652210175146,0.058381984987489574,0.08090075062552127,0.08423686405337781,0.07035533551303817,0.8677151252867481,0.3586151601872512,1199,0.7474000442545659,0.8968868615002298
waterbirds,maskedkd,2,100,1199,0.8715596330275229,0.9074228523769808,0.8832360300250208,0.040033361134278564,0.0158465387823186,0.05587989991659716,0.07422852376980818,0.0817347789824854,0.07114667193909752,0.8669322708231693,0.35843644726763574,1199,0.7460128338241051,0.9634218992017157
